metric,value
accuracy,0.9721167957087192
precision,0.9990640355666485
recall,0.9662672718357495
f1_score,0.9823920032212089
roc_auc,0.9971300869737519
average_precision,0.9992380005668641
