statistic,value
count,98805.0
mean,0.6807438063753919
std,0.24621335815343556
min,0.0
25%,0.6815090885580316
50%,0.7748933373316436
75%,0.8346686128447944
max,1.0
