{
  "accuracy": 0.9893628864935985,
  "precision": 0.9909302441953562,
  "recall": 0.995901278650188,
  "f1": 0.9934095426812062,
  "roc_auc": 0.9980807953041931,
  "ap": 0.9993739161380856,
  "ece_raw": 0.009269513063005677,
  "ece_cal": 0.019808177136913463,
  "brier_raw": 0.0067753259470605095,
  "brier_cal": 0.010078565563931805,
  "confusion": [
    [
      18543,
      725
    ],
    [
      326,
      79211
    ]
  ]
}