{
  "accuracy": 0.9899903851019686,
  "precision": 0.9917240515838237,
  "recall": 0.9958761331204345,
  "f1": 0.9937957555188919,
  "roc_auc": 0.9981018439840256,
  "ap": 0.9993698803892638,
  "ece_raw": 0.009329971860405831,
  "ece_cal": 0.019968892248534237,
  "brier_raw": 0.006740073570237891,
  "brier_cal": 0.009949012853899252,
  "confusion": [
    [
      18607,
      661
    ],
    [
      328,
      79209
    ]
  ]
}