{
  "accuracy": 0.9888467182834877,
  "precision": 0.9902493905869116,
  "recall": 0.9959515697096949,
  "f1": 0.9930922949627661,
  "roc_auc": 0.9980788563395454,
  "ap": 0.9993698603305019,
  "ece_raw": 0.009363680699580289,
  "ece_cal": 0.01972811299685763,
  "brier_raw": 0.006869599102787381,
  "brier_cal": 0.010122497963961646,
  "confusion": [
    [
      18488,
      780
    ],
    [
      322,
      79215
    ]
  ]
}