{
  "accuracy": 0.7127240926978574,
  "precision": 0.6967189314750291,
  "recall": 0.8469072619782935,
  "f1": 0.7645067505675256,
  "roc_auc": 0.7735252914831359,
  "ap": 0.7720783228977877,
  "ece_raw": 0.12825739442822812,
  "ece_cal": 0.14397949421359735,
  "brier_raw": 0.20114850182249575,
  "brier_cal": 0.2034822213113793,
  "confusion": [
    [
      20288,
      16712
    ],
    [
      6940,
      38392
    ]
  ]
}